"link","file_target","failed"
"http://edss.iec.org.af/ats/resultssheets 2018/2/0201003/5847_ _Sheet1.jpg","5847_ _Sheet1.jpg","YES"
"http://edss.iec.org.af/ats/resultssheets 2018/2/0201003/5858_ _Sheet1.jpg","5858_ _Sheet1.jpg","YES"
"http://edss.iec.org.af/ats/resultssheets 2018/2/0201005/5887_ _Sheet1.jpg","5887_ _Sheet1.jpg","YES"
"http://edss.iec.org.af/ats/resultssheets 2018/2/0201005/5888_ _Sheet1.jpg","5888_ _Sheet1.jpg","YES"
"http://edss.iec.org.af/ats/resultssheets 2018/2/0201011/6575_ _Sheet1.jpg","6575_ _Sheet1.jpg","YES"
"http://edss.iec.org.af/ats/resultssheets 2018/2/0201014/5866_ _Sheet1.jpg","5866_ _Sheet1.jpg","YES"
"http://edss.iec.org.af/ats/resultssheets 2018/2/0201014/6581_ _Sheet1.jpg","6581_ _Sheet1.jpg","YES"
"http://edss.iec.org.af/ats/resultssheets 2018/2/0201014/6582_ _Sheet1.jpg","6582_ _Sheet1.jpg","YES"
"http://edss.iec.org.af/ats/resultssheets 2018/2/0205063/6583__Sheet1.jpg","6583__Sheet1.jpg","YES"
"http://edss.iec.org.af/ats/resultssheets 2018/2/0205063/6585__Sheet1.jpg","6585__Sheet1.jpg","YES"
"http://edss.iec.org.af/ats/resultssheets 2018/2/0205063/5902__Sheet1.jpg","5902__Sheet1.jpg","YES"
"http://edss.iec.org.af/ats/resultssheets 2018/2/0206077/9426__Sheet1.jpg","9426__Sheet1.jpg","YES"
"http://edss.iec.org.af/ats/resultssheets 2018/2/0206077/9414__Sheet1.jpg","9414__Sheet1.jpg","YES"
"http://edss.iec.org.af/ats/resultssheets 2018/2/0206077/9423__Sheet1.jpg","9423__Sheet1.jpg","YES"
"http://edss.iec.org.af/ats/resultssheets 2018/2/0206077/9418__Sheet1.jpg","9418__Sheet1.jpg","YES"
"http://edss.iec.org.af/ats/resultssheets 2018/2/0206077/9421__Sheet1.jpg","9421__Sheet1.jpg","YES"
"http://edss.iec.org.af/ats/resultssheets 2018/2/0206077/5874__Sheet1.jpg","5874__Sheet1.jpg","YES"
"http://edss.iec.org.af/ats/resultssheets 2018/2/0206084/5818__Sheet1.jpg","5818__Sheet1.jpg","YES"
"http://edss.iec.org.af/ats/resultssheets 2018/2/0206084/9435__Sheet1.jpg","9435__Sheet1.jpg","YES"
"http://edss.iec.org.af/ats/resultssheets 2018/2/0206084/9436__Sheet1.jpg","9436__Sheet1.jpg","YES"
"http://edss.iec.org.af/ats/resultssheets 2018/6/0603073/16931_W060535_Sheet2.jpg","16931_W060535_Sheet2.jpg","YES"
"http://edss.iec.org.af/ats/resultssheets 2018/6/0603098/16912_W060687_Sheet2.jpg","16912_W060687_Sheet2.jpg","YES"
"http://edss.iec.org.af/ats/resultssheets 2018/6/0604101/16940_W060694_Sheet2.jpg","16940_W060694_Sheet2.jpg","YES"
"http://edss.iec.org.af/ats/resultssheets 2018/6/0604101/18384_R060164_Sheet2.jpg","18384_R060164_Sheet2.jpg","YES"
"http://edss.iec.org.af/ats/resultssheets 2018/6/0604108/18385_W060710_Sheet2.jpg","18385_W060710_Sheet2.jpg","YES"
"http://edss.iec.org.af/ats/resultssheets 2018/6/0604110/18386_W060721_Sheet2.jpg","18386_W060721_Sheet2.jpg","YES"
"http://edss.iec.org.af/ats/resultssheets 2018/6/0606169/16860_W060955_Sheet2.jpg","16860_W060955_Sheet2.jpg","YES"
"http://edss.iec.org.af/ats/resultssheets 2018/6/0607185/16890_W061017_Sheet2.jpg","16890_W061017_Sheet2.jpg","YES"
"http://edss.iec.org.af/ats/resultssheets 2018/6/0607188/16919_W061040_Sheet2.jpg","16919_W061040_Sheet2.jpg","YES"
"http://edss.iec.org.af/ats/resultssheets 2018/6/0608205/16965_W061131_Sheet2.jpg","16965_W061131_Sheet2.jpg","YES"
"http://edss.iec.org.af/ats/resultssheets 2018/6/0613296/16947_W061440_Sheet2.jpg","16947_W061440_Sheet2.jpg","YES"
"http://edss.iec.org.af/ats/resultssheets 2018/6/0613296/16950_W061442_Sheet2.jpg","16950_W061442_Sheet2.jpg","YES"
"http://edss.iec.org.af/ats/resultssheets 2018/6/0613296/16951_W061443_Sheet2.jpg","16951_W061443_Sheet2.jpg","YES"
"http://edss.iec.org.af/ats/resultssheets 2018/6/0615333/16908_W061565_Sheet2.jpg","16908_W061565_Sheet2.jpg","YES"
"http://edss.iec.org.af/ats/resultssheets 2018/6/0601011/1665_W060085_Sheet2.jpg","1665_W060085_Sheet2.jpg","YES"
"http://edss.iec.org.af/ats/resultssheets 2018/6/0601017/1468_ R060047_Sheet1.jpg","1468_ R060047_Sheet1.jpg","YES"
"http://edss.iec.org.af/ats/resultssheets 2018/6/0601017/1468_ R060047_Sheet2.jpg","1468_ R060047_Sheet2.jpg","YES"
"http://edss.iec.org.af/ats/resultssheets 2018/6/0601017/16874_W060136_Sheet2.jpg","16874_W060136_Sheet2.jpg","YES"
"http://edss.iec.org.af/ats/resultssheets 2018/6/0601028/1470_W060217_Sheet2.jpg","1470_W060217_Sheet2.jpg","YES"
"http://edss.iec.org.af/ats/resultssheets 2018/6/0601046/1514_W060350_Sheet2.jpg","1514_W060350_Sheet2.jpg","YES"
"http://edss.iec.org.af/ats/resultssheets 2018/7/0702031/267__Sheet1.jpg","267__Sheet1.jpg","YES"
"http://edss.iec.org.af/ats/resultssheets 2018/7/0702034/170_ _Sheet1.jpg","170_ _Sheet1.jpg","YES"
"http://edss.iec.org.af/ats/resultssheets 2018/8/0801002/6950__Sheet1.jpg","6950__Sheet1.jpg","YES"
"http://edss.iec.org.af/ats/resultssheets 2018/9/0905157/19700_ W090486_Sheet1.jpg","19700_ W090486_Sheet1.jpg","YES"
"http://edss.iec.org.af/ats/resultssheets 2018/9/0906168/19692_ _Sheet1.jpg","19692_ _Sheet1.jpg","YES"
"http://edss.iec.org.af/ats/resultssheets 2018/10/1004072/2814_W100191_Sheet1.jpg","2814_W100191_Sheet1.jpg","YES"
"http://edss.iec.org.af/ats/resultssheets 2018/10/1006123/2981_W100314_Sheet1.jpg","2981_W100314_Sheet1.jpg","YES"
"http://edss.iec.org.af/ats/resultssheets 2018/10/1008217/3077_W100510_Sheet1.jpg","3077_W100510_Sheet1.jpg","YES"
"http://edss.iec.org.af/ats/resultssheets 2018/13/1301001/19000_R130180_Sheet1.jpg","19000_R130180_Sheet1.jpg","YES"
"http://edss.iec.org.af/ats/resultssheets 2018/13/1301001/19001_W130003_Sheet1.jpg","19001_W130003_Sheet1.jpg","YES"
"http://edss.iec.org.af/ats/resultssheets 2018/13/1301001/19004_W130001_Sheet1.jpg","19004_W130001_Sheet1.jpg","YES"
"http://edss.iec.org.af/ats/resultssheets 2018/13/1301002/5967_W130832_Sheet1.jpg","5967_W130832_Sheet1.jpg","YES"
"http://edss.iec.org.af/ats/resultssheets 2018/13/1301002/5972_W130855_Sheet1.jpg","5972_W130855_Sheet1.jpg","YES"
"http://edss.iec.org.af/ats/resultssheets 2018/13/1301002/5974_R130234_Sheet1.jpg","5974_R130234_Sheet1.jpg","YES"
"http://edss.iec.org.af/ats/resultssheets 2018/13/1301002/5975_W130012_Sheet1.jpg","5975_W130012_Sheet1.jpg","YES"
"http://edss.iec.org.af/ats/resultssheets 2018/13/1301002/5976_W130013_Sheet1.jpg","5976_W130013_Sheet1.jpg","YES"
"http://edss.iec.org.af/ats/resultssheets 2018/13/1301002/5981_R130067_Sheet1.jpg","5981_R130067_Sheet1.jpg","YES"
"http://edss.iec.org.af/ats/resultssheets 2018/13/1301002/19078_R130088_Sheet1.jpg","19078_R130088_Sheet1.jpg","YES"
"http://edss.iec.org.af/ats/resultssheets 2018/13/1301002/19081_W130015_Sheet1.jpg","19081_W130015_Sheet1.jpg","YES"
"http://edss.iec.org.af/ats/resultssheets 2018/13/1301002/19083_W130008_Sheet1.jpg","19083_W130008_Sheet1.jpg","YES"
"http://edss.iec.org.af/ats/resultssheets 2018/13/1301002/19085_R130211_Sheet1.jpg","19085_R130211_Sheet1.jpg","YES"
"http://edss.iec.org.af/ats/resultssheets 2018/13/1301002/19087_W130009_Sheet1.jpg","19087_W130009_Sheet1.jpg","YES"
"http://edss.iec.org.af/ats/resultssheets 2018/13/1301002/19088_R130082_Sheet1.jpg","19088_R130082_Sheet1.jpg","YES"
"http://edss.iec.org.af/ats/resultssheets 2018/13/1301002/19102_R130057_Sheet1.jpg","19102_R130057_Sheet1.jpg","YES"
"http://edss.iec.org.af/ats/resultssheets 2018/13/1301003/6488_W130020_Sheet1.jpg","6488_W130020_Sheet1.jpg","YES"
"http://edss.iec.org.af/ats/resultssheets 2018/13/1301003/6489_R130111_Sheet1.jpg","6489_R130111_Sheet1.jpg","YES"
"http://edss.iec.org.af/ats/resultssheets 2018/13/1301003/19023_W130017_Sheet1.jpg","19023_W130017_Sheet1.jpg","YES"
"http://edss.iec.org.af/ats/resultssheets 2018/13/1301003/19027_W130018_Sheet1.jpg","19027_W130018_Sheet1.jpg","YES"
"http://edss.iec.org.af/ats/resultssheets 2018/13/1301003/19030_R130053_Sheet1.jpg","19030_R130053_Sheet1.jpg","YES"
"http://edss.iec.org.af/ats/resultssheets 2018/13/1301003/19032_R130043_Sheet1.jpg","19032_R130043_Sheet1.jpg","YES"
"http://edss.iec.org.af/ats/resultssheets 2018/13/1301003/19033_R130026_Sheet1.jpg","19033_R130026_Sheet1.jpg","YES"
"http://edss.iec.org.af/ats/resultssheets 2018/13/1301004/19166_R130076_Sheet1.jpg","19166_R130076_Sheet1.jpg","YES"
"http://edss.iec.org.af/ats/resultssheets 2018/13/1301004/20017_W130022_Sheet1.jpg","20017_W130022_Sheet1.jpg","YES"
"http://edss.iec.org.af/ats/resultssheets 2018/13/1301004/20019_R130298_Sheet1.jpg","20019_R130298_Sheet1.jpg","YES"
"http://edss.iec.org.af/ats/resultssheets 2018/13/1301005/19013_W130026_Sheet1.jpg","19013_W130026_Sheet1.jpg","YES"
"http://edss.iec.org.af/ats/resultssheets 2018/13/1301005/19014_W130028_Sheet1.jpg","19014_W130028_Sheet1.jpg","YES"
"http://edss.iec.org.af/ats/resultssheets 2018/13/1301005/19015_W130027_Sheet1.jpg","19015_W130027_Sheet1.jpg","YES"
"http://edss.iec.org.af/ats/resultssheets 2018/13/1301005/19018_R130066_Sheet1.jpg","19018_R130066_Sheet1.jpg","YES"
"http://edss.iec.org.af/ats/resultssheets 2018/13/1301005/19020_W130820_Sheet1.jpg","19020_W130820_Sheet1.jpg","YES"
"http://edss.iec.org.af/ats/resultssheets 2018/13/1301005/19025_W130846_Sheet1.jpg","19025_W130846_Sheet1.jpg","YES"
"http://edss.iec.org.af/ats/resultssheets 2018/13/1301006/6483_W130035_Sheet1.jpg","6483_W130035_Sheet1.jpg","YES"
"http://edss.iec.org.af/ats/resultssheets 2018/13/1301006/19192_W130032_Sheet1.jpg","19192_W130032_Sheet1.jpg","YES"
"http://edss.iec.org.af/ats/resultssheets 2018/13/1301006/19198_R130302_Sheet1.jpg","19198_R130302_Sheet1.jpg","YES"
"http://edss.iec.org.af/ats/resultssheets 2018/13/1301006/20010_W130034_Sheet1.jpg","20010_W130034_Sheet1.jpg","YES"
"http://edss.iec.org.af/ats/resultssheets 2018/13/1301007/5956_R130187_Sheet1.jpg","5956_R130187_Sheet1.jpg","YES"
"http://edss.iec.org.af/ats/resultssheets 2018/13/1301007/19028_R130193_Sheet1.jpg","19028_R130193_Sheet1.jpg","YES"
"http://edss.iec.org.af/ats/resultssheets 2018/13/1301008/6322_W130042_Sheet1.jpg","6322_W130042_Sheet1.jpg","YES"
"http://edss.iec.org.af/ats/resultssheets 2018/13/1301008/18994_R130084_Sheet1.jpg","18994_R130084_Sheet1.jpg","YES"
"http://edss.iec.org.af/ats/resultssheets 2018/13/1301010/6362_W130047_Sheet1.jpg","6362_W130047_Sheet1.jpg","YES"
"http://edss.iec.org.af/ats/resultssheets 2018/13/1301010/6705_W130048_Sheet1.jpg","6705_W130048_Sheet1.jpg","YES"
"http://edss.iec.org.af/ats/resultssheets 2018/13/1301010/19381_R130300_Sheet1.jpg","19381_R130300_Sheet1.jpg","YES"
"http://edss.iec.org.af/ats/resultssheets 2018/13/1301010/19383_R130299_Sheet1.jpg","19383_R130299_Sheet1.jpg","YES"
"http://edss.iec.org.af/ats/resultssheets 2018/13/1301010/20060_W130044_Sheet1.jpg","20060_W130044_Sheet1.jpg","YES"
"http://edss.iec.org.af/ats/resultssheets 2018/13/1301011/6352_W130050_Sheet1.jpg","6352_W130050_Sheet1.jpg","YES"
"http://edss.iec.org.af/ats/resultssheets 2018/13/1301011/6355_R130065_Sheet1.jpg","6355_R130065_Sheet1.jpg","YES"
"http://edss.iec.org.af/ats/resultssheets 2018/13/1301011/6357_W130052_Sheet1.jpg","6357_W130052_Sheet1.jpg","YES"
"http://edss.iec.org.af/ats/resultssheets 2018/13/1301011/19126_W130051_Sheet1.jpg","19126_W130051_Sheet1.jpg","YES"
"http://edss.iec.org.af/ats/resultssheets 2018/13/1301011/19127_W130824_Sheet1.jpg","19127_W130824_Sheet1.jpg","YES"
"http://edss.iec.org.af/ats/resultssheets 2018/13/1301011/19128_W130853_Sheet1.jpg","19128_W130853_Sheet1.jpg","YES"
"http://edss.iec.org.af/ats/resultssheets 2018/13/1301011/19209_W130055_Sheet1.jpg","19209_W130055_Sheet1.jpg","YES"
"http://edss.iec.org.af/ats/resultssheets 2018/13/1301011/19210_R130063_Sheet1.jpg","19210_R130063_Sheet1.jpg","YES"
"http://edss.iec.org.af/ats/resultssheets 2018/13/1301011/20009_R130325_Sheet1.jpg","20009_R130325_Sheet1.jpg","YES"
"http://edss.iec.org.af/ats/resultssheets 2018/13/1301012/18985_W130057_Sheet1.jpg","18985_W130057_Sheet1.jpg","YES"
"http://edss.iec.org.af/ats/resultssheets 2018/13/1301012/18988_W130058_Sheet1.jpg","18988_W130058_Sheet1.jpg","YES"
"http://edss.iec.org.af/ats/resultssheets 2018/13/1301013/5948_R130095_Sheet1.jpg","5948_R130095_Sheet1.jpg","YES"
"http://edss.iec.org.af/ats/resultssheets 2018/13/1301014/6644_W130063_Sheet1.jpg","6644_W130063_Sheet1.jpg","YES"
"http://edss.iec.org.af/ats/resultssheets 2018/13/1301014/6646_W130064_Sheet1.jpg","6646_W130064_Sheet1.jpg","YES"
"http://edss.iec.org.af/ats/resultssheets 2018/13/1301014/6647_W130065_Sheet1.jpg","6647_W130065_Sheet1.jpg","YES"
"http://edss.iec.org.af/ats/resultssheets 2018/13/1301014/6648_W130066_Sheet1.jpg","6648_W130066_Sheet1.jpg","YES"
"http://edss.iec.org.af/ats/resultssheets 2018/13/1301015/5957_R130086_Sheet1.jpg","5957_R130086_Sheet1.jpg","YES"
"http://edss.iec.org.af/ats/resultssheets 2018/13/1301015/5958_R130058_Sheet1.jpg","5958_R130058_Sheet1.jpg","YES"
"http://edss.iec.org.af/ats/resultssheets 2018/13/1301015/5959_R130085_Sheet1.jpg","5959_R130085_Sheet1.jpg","YES"
"http://edss.iec.org.af/ats/resultssheets 2018/13/1301016/5977_R130092_Sheet1.jpg","5977_R130092_Sheet1.jpg","YES"
"http://edss.iec.org.af/ats/resultssheets 2018/13/1301016/5978_R130072_Sheet1.jpg","5978_R130072_Sheet1.jpg","YES"
"http://edss.iec.org.af/ats/resultssheets 2018/13/1301016/5979_W130075_Sheet1.jpg","5979_W130075_Sheet1.jpg","YES"
"http://edss.iec.org.af/ats/resultssheets 2018/13/1301016/5980_R130188_Sheet1.jpg","5980_R130188_Sheet1.jpg","YES"
"http://edss.iec.org.af/ats/resultssheets 2018/13/1301017/18981_W130077_Sheet1.jpg","18981_W130077_Sheet1.jpg","YES"
"http://edss.iec.org.af/ats/resultssheets 2018/13/1301017/18982_W130078_Sheet1.jpg","18982_W130078_Sheet1.jpg","YES"
"http://edss.iec.org.af/ats/resultssheets 2018/13/1301018/5962_W130081_Sheet1.jpg","5962_W130081_Sheet1.jpg","YES"
"http://edss.iec.org.af/ats/resultssheets 2018/13/1301018/5964_W130082_Sheet1.jpg","5964_W130082_Sheet1.jpg","YES"
"http://edss.iec.org.af/ats/resultssheets 2018/13/1301019/5943_R130101_Sheet1.jpg","5943_R130101_Sheet1.jpg","YES"
"http://edss.iec.org.af/ats/resultssheets 2018/13/1301019/5944_R130091_Sheet1.jpg","5944_R130091_Sheet1.jpg","YES"
"http://edss.iec.org.af/ats/resultssheets 2018/13/1301019/5945_R130093_Sheet1.jpg","5945_R130093_Sheet1.jpg","YES"
"http://edss.iec.org.af/ats/resultssheets 2018/13/1301019/5946_W130084_Sheet1.jpg","5946_W130084_Sheet1.jpg","YES"
"http://edss.iec.org.af/ats/resultssheets 2018/13/1301019/5947_R130324_Sheet1.jpg","5947_R130324_Sheet1.jpg","YES"
"http://edss.iec.org.af/ats/resultssheets 2018/13/1301019/5949_W130085_Sheet1.jpg","5949_W130085_Sheet1.jpg","YES"
"http://edss.iec.org.af/ats/resultssheets 2018/13/1301020/5966_R130087_Sheet1.jpg","5966_R130087_Sheet1.jpg","YES"
"http://edss.iec.org.af/ats/resultssheets 2018/13/1301020/5970_W130095_Sheet1.jpg","5970_W130095_Sheet1.jpg","YES"
"http://edss.iec.org.af/ats/resultssheets 2018/13/1301020/5971_R130080_Sheet1.jpg","5971_R130080_Sheet1.jpg","YES"
"http://edss.iec.org.af/ats/resultssheets 2018/13/1301020/5973_W130091_Sheet1.jpg","5973_W130091_Sheet1.jpg","YES"
"http://edss.iec.org.af/ats/resultssheets 2018/13/1301020/19073_W130093_Sheet1.jpg","19073_W130093_Sheet1.jpg","YES"
"http://edss.iec.org.af/ats/resultssheets 2018/13/1301021/5941_W130098_Sheet1.jpg","5941_W130098_Sheet1.jpg","YES"
"http://edss.iec.org.af/ats/resultssheets 2018/13/1301021/5942_W130097_Sheet1.jpg","5942_W130097_Sheet1.jpg","YES"
"http://edss.iec.org.af/ats/resultssheets 2018/13/1301022/19034_W130099_Sheet1.jpg","19034_W130099_Sheet1.jpg","YES"
"http://edss.iec.org.af/ats/resultssheets 2018/13/1301022/19036_R130186_Sheet1.jpg","19036_R130186_Sheet1.jpg","YES"
"http://edss.iec.org.af/ats/resultssheets 2018/13/1301198/19041_R130089_Sheet1.jpg","19041_R130089_Sheet1.jpg","YES"
"http://edss.iec.org.af/ats/resultssheets 2018/13/1301198/19042_W130836_Sheet1.jpg","19042_W130836_Sheet1.jpg","YES"
"http://edss.iec.org.af/ats/resultssheets 2018/13/1301198/19043_W130854_Sheet1.jpg","19043_W130854_Sheet1.jpg","YES"
"http://edss.iec.org.af/ats/resultssheets 2018/13/1301199/18983_W130830_Sheet1.jpg","18983_W130830_Sheet1.jpg","YES"
"http://edss.iec.org.af/ats/resultssheets 2018/13/1301199/18984_W130859_Sheet1.jpg","18984_W130859_Sheet1.jpg","YES"
"http://edss.iec.org.af/ats/resultssheets 2018/13/1301199/18986_R130097_Sheet1.jpg","18986_R130097_Sheet1.jpg","YES"
"http://edss.iec.org.af/ats/resultssheets 2018/13/1301199/18987_W130852_Sheet1.jpg","18987_W130852_Sheet1.jpg","YES"
"http://edss.iec.org.af/ats/resultssheets 2018/13/1301199/18989_W130823_Sheet1.jpg","18989_W130823_Sheet1.jpg","YES"
"http://edss.iec.org.af/ats/resultssheets 2018/13/1301199/18991_W130835_Sheet1.jpg","18991_W130835_Sheet1.jpg","YES"
"http://edss.iec.org.af/ats/resultssheets 2018/13/1301199/18992_W130851_Sheet1.jpg","18992_W130851_Sheet1.jpg","YES"
"http://edss.iec.org.af/ats/resultssheets 2018/13/1301199/18996_W130819_Sheet1.jpg","18996_W130819_Sheet1.jpg","YES"
"http://edss.iec.org.af/ats/resultssheets 2018/13/1301199/19031_R130303_Sheet1.jpg","19031_R130303_Sheet1.jpg","YES"
"http://edss.iec.org.af/ats/resultssheets 2018/13/1302023/6501_W130103_Sheet1.jpg","6501_W130103_Sheet1.jpg","YES"
"http://edss.iec.org.af/ats/resultssheets 2018/13/1302023/6503_W130102_Sheet1.jpg","6503_W130102_Sheet1.jpg","YES"
"http://edss.iec.org.af/ats/resultssheets 2018/13/1302024/6379_W130105_Sheet1.jpg","6379_W130105_Sheet1.jpg","YES"
"http://edss.iec.org.af/ats/resultssheets 2018/13/1302024/6384_W130106_Sheet1.jpg","6384_W130106_Sheet1.jpg","YES"
"http://edss.iec.org.af/ats/resultssheets 2018/13/1302025/6344_W130109_Sheet1.jpg","6344_W130109_Sheet1.jpg","YES"
"http://edss.iec.org.af/ats/resultssheets 2018/13/1302025/19084_R130115_Sheet1.jpg","19084_R130115_Sheet1.jpg","YES"
"http://edss.iec.org.af/ats/resultssheets 2018/13/1302026/6535_R130108_Sheet1.jpg","6535_R130108_Sheet1.jpg","YES"
"http://edss.iec.org.af/ats/resultssheets 2018/13/1302026/6536_W130111_Sheet1.jpg","6536_W130111_Sheet1.jpg","YES"
"http://edss.iec.org.af/ats/resultssheets 2018/13/1302026/6537_R130113_Sheet1.jpg","6537_R130113_Sheet1.jpg","YES"
"http://edss.iec.org.af/ats/resultssheets 2018/13/1302026/6539_W130115_Sheet1.jpg","6539_W130115_Sheet1.jpg","YES"
"http://edss.iec.org.af/ats/resultssheets 2018/13/1302026/6540_R130106_Sheet1.jpg","6540_R130106_Sheet1.jpg","YES"
"http://edss.iec.org.af/ats/resultssheets 2018/13/1302027/6459_R130272_Sheet1.jpg","6459_R130272_Sheet1.jpg","YES"
"http://edss.iec.org.af/ats/resultssheets 2018/13/1302027/6460_R130107_Sheet1.jpg","6460_R130107_Sheet1.jpg","YES"
"http://edss.iec.org.af/ats/resultssheets 2018/13/1302028/19213_R130317_Sheet1.jpg","19213_R130317_Sheet1.jpg","YES"
"http://edss.iec.org.af/ats/resultssheets 2018/13/1302028/20014_W130119_Sheet1.jpg","20014_W130119_Sheet1.jpg","YES"
"http://edss.iec.org.af/ats/resultssheets 2018/13/1302028/20016_W130120_Sheet1.jpg","20016_W130120_Sheet1.jpg","YES"
"http://edss.iec.org.af/ats/resultssheets 2018/13/1302029/19350_R130051_Sheet1.jpg","19350_R130051_Sheet1.jpg","YES"
"http://edss.iec.org.af/ats/resultssheets 2018/13/1302029/19351_R130045_Sheet1.jpg","19351_R130045_Sheet1.jpg","YES"
"http://edss.iec.org.af/ats/resultssheets 2018/13/1302029/19353_R130039_Sheet1.jpg","19353_R130039_Sheet1.jpg","YES"
"http://edss.iec.org.af/ats/resultssheets 2018/13/1302030/6637_W130125_Sheet1.jpg","6637_W130125_Sheet1.jpg","YES"
"http://edss.iec.org.af/ats/resultssheets 2018/13/1302030/6667_W130126_Sheet1.jpg","6667_W130126_Sheet1.jpg","YES"
"http://edss.iec.org.af/ats/resultssheets 2018/13/1302030/6669_W130127_Sheet1.jpg","6669_W130127_Sheet1.jpg","YES"
"http://edss.iec.org.af/ats/resultssheets 2018/13/1302031/19092_W130128_Sheet1.jpg","19092_W130128_Sheet1.jpg","YES"
"http://edss.iec.org.af/ats/resultssheets 2018/13/1302031/19093_W130129_Sheet1.jpg","19093_W130129_Sheet1.jpg","YES"
"http://edss.iec.org.af/ats/resultssheets 2018/13/1302031/19095_R130112_Sheet1.jpg","19095_R130112_Sheet1.jpg","YES"
"http://edss.iec.org.af/ats/resultssheets 2018/13/1302031/19096_W130131_Sheet1.jpg","19096_W130131_Sheet1.jpg","YES"
"http://edss.iec.org.af/ats/resultssheets 2018/13/1302031/19098_R130191_Sheet1.jpg","19098_R130191_Sheet1.jpg","YES"
"http://edss.iec.org.af/ats/resultssheets 2018/13/1302032/6538_W130140_Sheet1.jpg","6538_W130140_Sheet1.jpg","YES"
"http://edss.iec.org.af/ats/resultssheets 2018/13/1302032/6542_W130135_Sheet1.jpg","6542_W130135_Sheet1.jpg","YES"
"http://edss.iec.org.af/ats/resultssheets 2018/13/1302032/6543_R130104_Sheet1.jpg","6543_R130104_Sheet1.jpg","YES"
"http://edss.iec.org.af/ats/resultssheets 2018/13/1302032/6545_R130103_Sheet1.jpg","6545_R130103_Sheet1.jpg","YES"
"http://edss.iec.org.af/ats/resultssheets 2018/13/1302032/19219_W130134_Sheet1.jpg","19219_W130134_Sheet1.jpg","YES"
"http://edss.iec.org.af/ats/resultssheets 2018/13/1302032/19223_W130137_Sheet1.jpg","19223_W130137_Sheet1.jpg","YES"
"http://edss.iec.org.af/ats/resultssheets 2018/13/1302032/19225_W130139_Sheet1.jpg","19225_W130139_Sheet1.jpg","YES"
"http://edss.iec.org.af/ats/resultssheets 2018/13/1302032/19226_R130192_Sheet1.jpg","19226_R130192_Sheet1.jpg","YES"
"http://edss.iec.org.af/ats/resultssheets 2018/13/1302034/6560_W130152_Sheet1.jpg","6560_W130152_Sheet1.jpg","YES"
"http://edss.iec.org.af/ats/resultssheets 2018/13/1302034/6561_W130154_Sheet1.jpg","6561_W130154_Sheet1.jpg","YES"
"http://edss.iec.org.af/ats/resultssheets 2018/13/1302036/19212_R130199_Sheet1.jpg","19212_R130199_Sheet1.jpg","YES"
"http://edss.iec.org.af/ats/resultssheets 2018/13/1302036/19217_W130162_Sheet1.jpg","19217_W130162_Sheet1.jpg","YES"
"http://edss.iec.org.af/ats/resultssheets 2018/13/1303049/19152_W130173_Sheet1.jpg","19152_W130173_Sheet1.jpg","YES"
"http://edss.iec.org.af/ats/resultssheets 2018/13/1303049/19175_W130174_Sheet1.jpg","19175_W130174_Sheet1.jpg","YES"
"http://edss.iec.org.af/ats/resultssheets 2018/13/1303061/6429_R130114_Sheet1.jpg","6429_R130114_Sheet1.jpg","YES"
"http://edss.iec.org.af/ats/resultssheets 2018/13/1303061/6430_R130118_Sheet1.jpg","6430_R130118_Sheet1.jpg","YES"
"http://edss.iec.org.af/ats/resultssheets 2018/13/1303061/6436_W130213_Sheet1.jpg","6436_W130213_Sheet1.jpg","YES"
"http://edss.iec.org.af/ats/resultssheets 2018/13/1303061/6439_R130128_Sheet1.jpg","6439_R130128_Sheet1.jpg","YES"
"http://edss.iec.org.af/ats/resultssheets 2018/13/1303062/19218_R130309_Sheet1.jpg","19218_R130309_Sheet1.jpg","YES"
"http://edss.iec.org.af/ats/resultssheets 2018/13/1303062/19220_W130810_Sheet1.jpg","19220_W130810_Sheet1.jpg","YES"
"http://edss.iec.org.af/ats/resultssheets 2018/13/1303063/6448_W130224_Sheet1.jpg","6448_W130224_Sheet1.jpg","YES"
"http://edss.iec.org.af/ats/resultssheets 2018/13/1303063/19171_W130222_Sheet1.jpg","19171_W130222_Sheet1.jpg","YES"
"http://edss.iec.org.af/ats/resultssheets 2018/13/1303064/6371_W130230_Sheet1.jpg","6371_W130230_Sheet1.jpg","YES"
"http://edss.iec.org.af/ats/resultssheets 2018/13/1303064/6372_W130228_Sheet1.jpg","6372_W130228_Sheet1.jpg","YES"
"http://edss.iec.org.af/ats/resultssheets 2018/13/1303064/6691_W130226_Sheet1.jpg","6691_W130226_Sheet1.jpg","YES"
"http://edss.iec.org.af/ats/resultssheets 2018/13/1303064/6692_W130227_Sheet1.jpg","6692_W130227_Sheet1.jpg","YES"
"http://edss.iec.org.af/ats/resultssheets 2018/13/1303064/6693_W130229_Sheet1.jpg","6693_W130229_Sheet1.jpg","YES"
"http://edss.iec.org.af/ats/resultssheets 2018/13/1304068/6463_W130239_Sheet1.jpg","6463_W130239_Sheet1.jpg","YES"
"http://edss.iec.org.af/ats/resultssheets 2018/13/1304068/6464_W130240_Sheet1.jpg","6464_W130240_Sheet1.jpg","YES"
"http://edss.iec.org.af/ats/resultssheets 2018/13/1304068/6465_W130241_Sheet1.jpg","6465_W130241_Sheet1.jpg","YES"
"http://edss.iec.org.af/ats/resultssheets 2018/13/1304068/6466_W130242_Sheet1.jpg","6466_W130242_Sheet1.jpg","YES"
"http://edss.iec.org.af/ats/resultssheets 2018/13/1304069/6399_W130243_Sheet1.jpg","6399_W130243_Sheet1.jpg","YES"
"http://edss.iec.org.af/ats/resultssheets 2018/13/1304069/6400_W130244_Sheet1.jpg","6400_W130244_Sheet1.jpg","YES"
"http://edss.iec.org.af/ats/resultssheets 2018/13/1304069/6662_W130245_Sheet1.jpg","6662_W130245_Sheet1.jpg","YES"
"http://edss.iec.org.af/ats/resultssheets 2018/13/1304070/19182_R130301_Sheet1.jpg","19182_R130301_Sheet1.jpg","YES"
"http://edss.iec.org.af/ats/resultssheets 2018/13/1304070/19186_R130116_Sheet1.jpg","19186_R130116_Sheet1.jpg","YES"
"http://edss.iec.org.af/ats/resultssheets 2018/13/1304070/19190_R130064_Sheet1.jpg","19190_R130064_Sheet1.jpg","YES"
"http://edss.iec.org.af/ats/resultssheets 2018/13/1304070/19193_W130252_Sheet1.jpg","19193_W130252_Sheet1.jpg","YES"
"http://edss.iec.org.af/ats/resultssheets 2018/13/1304070/19197_R130323_Sheet1.jpg","19197_R130323_Sheet1.jpg","YES"
"http://edss.iec.org.af/ats/resultssheets 2018/13/1305071/6485_W130257_Sheet1.jpg","6485_W130257_Sheet1.jpg","YES"
"http://edss.iec.org.af/ats/resultssheets 2018/13/1305071/19046_W130256_Sheet1.jpg","19046_W130256_Sheet1.jpg","YES"
"http://edss.iec.org.af/ats/resultssheets 2018/13/1305071/19048_W130258_Sheet1.jpg","19048_W130258_Sheet1.jpg","YES"
"http://edss.iec.org.af/ats/resultssheets 2018/13/1305074/6476_W130268_Sheet1.jpg","6476_W130268_Sheet1.jpg","YES"
"http://edss.iec.org.af/ats/resultssheets 2018/13/1305074/6478_W130269_Sheet1.jpg","6478_W130269_Sheet1.jpg","YES"
"http://edss.iec.org.af/ats/resultssheets 2018/13/1305075/6484_R130124_Sheet1.jpg","6484_R130124_Sheet1.jpg","YES"
"http://edss.iec.org.af/ats/resultssheets 2018/13/1305075/19055_R130120_Sheet1.jpg","19055_R130120_Sheet1.jpg","YES"
"http://edss.iec.org.af/ats/resultssheets 2018/13/1305075/19355_R130056_Sheet1.jpg","19355_R130056_Sheet1.jpg","YES"
"http://edss.iec.org.af/ats/resultssheets 2018/13/1305076/6567_W130272_Sheet1.jpg","6567_W130272_Sheet1.jpg","YES"
"http://edss.iec.org.af/ats/resultssheets 2018/13/1305076/6568_W130273_Sheet1.jpg","6568_W130273_Sheet1.jpg","YES"
"http://edss.iec.org.af/ats/resultssheets 2018/13/1305076/6569_W130274_Sheet1.jpg","6569_W130274_Sheet1.jpg","YES"
"http://edss.iec.org.af/ats/resultssheets 2018/13/1305077/6555_W130275_Sheet1.jpg","6555_W130275_Sheet1.jpg","YES"
"http://edss.iec.org.af/ats/resultssheets 2018/13/1305077/6556_W130276_Sheet1.jpg","6556_W130276_Sheet1.jpg","YES"
"http://edss.iec.org.af/ats/resultssheets 2018/13/1305077/6557_W130277_Sheet1.jpg","6557_W130277_Sheet1.jpg","YES"
"http://edss.iec.org.af/ats/resultssheets 2018/13/1305078/6475_R130143_Sheet1.jpg","6475_R130143_Sheet1.jpg","YES"
"http://edss.iec.org.af/ats/resultssheets 2018/13/1305078/6477_R130121_Sheet1.jpg","6477_R130121_Sheet1.jpg","YES"
"http://edss.iec.org.af/ats/resultssheets 2018/13/1305079/19047_R130149_Sheet1.jpg","19047_R130149_Sheet1.jpg","YES"
"http://edss.iec.org.af/ats/resultssheets 2018/13/1305079/19050_R130126_Sheet1.jpg","19050_R130126_Sheet1.jpg","YES"
"http://edss.iec.org.af/ats/resultssheets 2018/13/1305079/19052_R130131_Sheet1.jpg","19052_R130131_Sheet1.jpg","YES"
"http://edss.iec.org.af/ats/resultssheets 2018/13/1305080/19203_W130284_Sheet1.jpg","19203_W130284_Sheet1.jpg","YES"
"http://edss.iec.org.af/ats/resultssheets 2018/13/1305080/19204_R130195_Sheet1.jpg","19204_R130195_Sheet1.jpg","YES"
"http://edss.iec.org.af/ats/resultssheets 2018/13/1305080/19205_W130285_Sheet1.jpg","19205_W130285_Sheet1.jpg","YES"
"http://edss.iec.org.af/ats/resultssheets 2018/13/1305081/19199_W130291_Sheet1.jpg","19199_W130291_Sheet1.jpg","YES"
"http://edss.iec.org.af/ats/resultssheets 2018/13/1305081/19200_W130292_Sheet1.jpg","19200_W130292_Sheet1.jpg","YES"
"http://edss.iec.org.af/ats/resultssheets 2018/13/1305083/19202_W130298_Sheet1.jpg","19202_W130298_Sheet1.jpg","YES"
"http://edss.iec.org.af/ats/resultssheets 2018/13/1305083/19356_R130055_Sheet1.jpg","19356_R130055_Sheet1.jpg","YES"
"http://edss.iec.org.af/ats/resultssheets 2018/13/1306097/19068_R130198_Sheet1.jpg","19068_R130198_Sheet1.jpg","YES"
"http://edss.iec.org.af/ats/resultssheets 2018/13/1306097/19069_W130319_Sheet1.jpg","19069_W130319_Sheet1.jpg","YES"
"http://edss.iec.org.af/ats/resultssheets 2018/13/1306097/19070_W130317_Sheet1.jpg","19070_W130317_Sheet1.jpg","YES"
"http://edss.iec.org.af/ats/resultssheets 2018/13/1306098/6507_W130321_Sheet1.jpg","6507_W130321_Sheet1.jpg","YES"
"http://edss.iec.org.af/ats/resultssheets 2018/13/1306098/6508_W130322_Sheet1.jpg","6508_W130322_Sheet1.jpg","YES"
"http://edss.iec.org.af/ats/resultssheets 2018/13/1306100/6411_W130331_Sheet1.jpg","6411_W130331_Sheet1.jpg","YES"
"http://edss.iec.org.af/ats/resultssheets 2018/13/1306100/6418_W130332_Sheet1.jpg","6418_W130332_Sheet1.jpg","YES"
"http://edss.iec.org.af/ats/resultssheets 2018/13/1306100/6428_W130330_Sheet1.jpg","6428_W130330_Sheet1.jpg","YES"
"http://edss.iec.org.af/ats/resultssheets 2018/13/1306101/19049_R130141_Sheet1.jpg","19049_R130141_Sheet1.jpg","YES"
"http://edss.iec.org.af/ats/resultssheets 2018/13/1306101/19051_R130132_Sheet1.jpg","19051_R130132_Sheet1.jpg","YES"
"http://edss.iec.org.af/ats/resultssheets 2018/13/1306101/19053_R130238_Sheet1.jpg","19053_R130238_Sheet1.jpg","YES"
"http://edss.iec.org.af/ats/resultssheets 2018/13/1306102/19056_R130221_Sheet1.jpg","19056_R130221_Sheet1.jpg","YES"
"http://edss.iec.org.af/ats/resultssheets 2018/13/1306102/19057_R130239_Sheet1.jpg","19057_R130239_Sheet1.jpg","YES"
"http://edss.iec.org.af/ats/resultssheets 2018/13/1306102/19058_R130135_Sheet1.jpg","19058_R130135_Sheet1.jpg","YES"
"http://edss.iec.org.af/ats/resultssheets 2018/13/1306102/19065_R130133_Sheet1.jpg","19065_R130133_Sheet1.jpg","YES"
"http://edss.iec.org.af/ats/resultssheets 2018/13/1306103/5929_R130140_Sheet1.jpg","5929_R130140_Sheet1.jpg","YES"
"http://edss.iec.org.af/ats/resultssheets 2018/13/1306103/5931_R130139_Sheet1.jpg","5931_R130139_Sheet1.jpg","YES"
"http://edss.iec.org.af/ats/resultssheets 2018/13/1306103/5933_R130054_Sheet1.jpg","5933_R130054_Sheet1.jpg","YES"
"http://edss.iec.org.af/ats/resultssheets 2018/13/1306103/5935_W130345_Sheet1.jpg","5935_W130345_Sheet1.jpg","YES"
"http://edss.iec.org.af/ats/resultssheets 2018/13/1306104/19061_W130349_Sheet1.jpg","19061_W130349_Sheet1.jpg","YES"
"http://edss.iec.org.af/ats/resultssheets 2018/13/1306104/19062_R130145_Sheet1.jpg","19062_R130145_Sheet1.jpg","YES"
"http://edss.iec.org.af/ats/resultssheets 2018/13/1306104/19064_R130200_Sheet1.jpg","19064_R130200_Sheet1.jpg","YES"
"http://edss.iec.org.af/ats/resultssheets 2018/13/1307105/20021_R990011_Sheet1.jpg","20021_R990011_Sheet1.jpg","YES"
"http://edss.iec.org.af/ats/resultssheets 2018/13/1307106/19258_R130074_Sheet1.jpg","19258_R130074_Sheet1.jpg","YES"
"http://edss.iec.org.af/ats/resultssheets 2018/13/1307106/19259_R130098_Sheet1.jpg","19259_R130098_Sheet1.jpg","YES"
"http://edss.iec.org.af/ats/resultssheets 2018/13/1307106/19260_R130312_Sheet1.jpg","19260_R130312_Sheet1.jpg","YES"
"http://edss.iec.org.af/ats/resultssheets 2018/13/1307106/19261_R130229_Sheet1.jpg","19261_R130229_Sheet1.jpg","YES"
"http://edss.iec.org.af/ats/resultssheets 2018/13/1307106/19262_R130110_Sheet1.jpg","19262_R130110_Sheet1.jpg","YES"
"http://edss.iec.org.af/ats/resultssheets 2018/13/1307107/19252_R130171_Sheet1.jpg","19252_R130171_Sheet1.jpg","YES"
"http://edss.iec.org.af/ats/resultssheets 2018/13/1307107/19254_R130173_Sheet1.jpg","19254_R130173_Sheet1.jpg","YES"
"http://edss.iec.org.af/ats/resultssheets 2018/13/1307107/19255_R130224_Sheet1.jpg","19255_R130224_Sheet1.jpg","YES"
"http://edss.iec.org.af/ats/resultssheets 2018/13/1307107/20068_R130181_Sheet1.jpg","20068_R130181_Sheet1.jpg","YES"
"http://edss.iec.org.af/ats/resultssheets 2018/13/1307109/19268_R130105_Sheet1.jpg","19268_R130105_Sheet1.jpg","YES"
"http://edss.iec.org.af/ats/resultssheets 2018/13/1307111/19228_R130230_Sheet1.jpg","19228_R130230_Sheet1.jpg","YES"
"http://edss.iec.org.af/ats/resultssheets 2018/13/1307112/19234_R130246_Sheet1.jpg","19234_R130246_Sheet1.jpg","YES"
"http://edss.iec.org.af/ats/resultssheets 2018/13/1307112/19235_R130216_Sheet1.jpg","19235_R130216_Sheet1.jpg","YES"
"http://edss.iec.org.af/ats/resultssheets 2018/13/1307112/19238_R130265_Sheet1.jpg","19238_R130265_Sheet1.jpg","YES"
"http://edss.iec.org.af/ats/resultssheets 2018/13/1307112/19240_R130207_Sheet1.jpg","19240_R130207_Sheet1.jpg","YES"
"http://edss.iec.org.af/ats/resultssheets 2018/13/1307112/19242_R130218_Sheet1.jpg","19242_R130218_Sheet1.jpg","YES"
"http://edss.iec.org.af/ats/resultssheets 2018/13/1307113/19267_R130235_Sheet1.jpg","19267_R130235_Sheet1.jpg","YES"
"http://edss.iec.org.af/ats/resultssheets 2018/13/1307113/19269_R130204_Sheet1.jpg","19269_R130204_Sheet1.jpg","YES"
"http://edss.iec.org.af/ats/resultssheets 2018/13/1307114/19270_R130214_Sheet1.jpg","19270_R130214_Sheet1.jpg","YES"
"http://edss.iec.org.af/ats/resultssheets 2018/13/1307114/19272_R130219_Sheet1.jpg","19272_R130219_Sheet1.jpg","YES"
"http://edss.iec.org.af/ats/resultssheets 2018/13/1307114/19273_R130240_Sheet1.jpg","19273_R130240_Sheet1.jpg","YES"
"http://edss.iec.org.af/ats/resultssheets 2018/13/1307114/19275_R130256_Sheet1.jpg","19275_R130256_Sheet1.jpg","YES"
"http://edss.iec.org.af/ats/resultssheets 2018/13/1307114/19278_R130252_Sheet1.jpg","19278_R130252_Sheet1.jpg","YES"
"http://edss.iec.org.af/ats/resultssheets 2018/13/1307115/19229_R130257_Sheet1.jpg","19229_R130257_Sheet1.jpg","YES"
"http://edss.iec.org.af/ats/resultssheets 2018/13/1307115/19230_R130296_Sheet1.jpg","19230_R130296_Sheet1.jpg","YES"
"http://edss.iec.org.af/ats/resultssheets 2018/13/1307118/19243_R130253_Sheet1.jpg","19243_R130253_Sheet1.jpg","YES"
"http://edss.iec.org.af/ats/resultssheets 2018/13/1307118/19245_R130254_Sheet1.jpg","19245_R130254_Sheet1.jpg","YES"
"http://edss.iec.org.af/ats/resultssheets 2018/13/1307118/19247_R130243_Sheet1.jpg","19247_R130243_Sheet1.jpg","YES"
"http://edss.iec.org.af/ats/resultssheets 2018/13/1307118/19249_R130217_Sheet1.jpg","19249_R130217_Sheet1.jpg","YES"
"http://edss.iec.org.af/ats/resultssheets 2018/13/1307118/19251_R130244_Sheet1.jpg","19251_R130244_Sheet1.jpg","YES"
"http://edss.iec.org.af/ats/resultssheets 2018/13/1307119/19274_R130260_Sheet1.jpg","19274_R130260_Sheet1.jpg","YES"
"http://edss.iec.org.af/ats/resultssheets 2018/13/1307119/19276_W130429_Sheet1.jpg","19276_W130429_Sheet1.jpg","YES"
"http://edss.iec.org.af/ats/resultssheets 2018/13/1307119/19277_R130263_Sheet1.jpg","19277_R130263_Sheet1.jpg","YES"
"http://edss.iec.org.af/ats/resultssheets 2018/13/1307120/19266_R130284_Sheet1.jpg","19266_R130284_Sheet1.jpg","YES"
"http://edss.iec.org.af/ats/resultssheets 2018/13/1307120/19271_R130279_Sheet1.jpg","19271_R130279_Sheet1.jpg","YES"
"http://edss.iec.org.af/ats/resultssheets 2018/13/1307121/19257_R130264_Sheet1.jpg","19257_R130264_Sheet1.jpg","YES"
"http://edss.iec.org.af/ats/resultssheets 2018/13/1307121/20072_R130268_Sheet1.jpg","20072_R130268_Sheet1.jpg","YES"
"http://edss.iec.org.af/ats/resultssheets 2018/13/1308129/6531_W130461_Sheet1.jpg","6531_W130461_Sheet1.jpg","YES"
"http://edss.iec.org.af/ats/resultssheets 2018/13/1308129/6532_W130462_Sheet1.jpg","6532_W130462_Sheet1.jpg","YES"
"http://edss.iec.org.af/ats/resultssheets 2018/13/1308131/6564_W130467_Sheet1.jpg","6564_W130467_Sheet1.jpg","YES"
"http://edss.iec.org.af/ats/resultssheets 2018/13/1308131/6566_W130468_Sheet1.jpg","6566_W130468_Sheet1.jpg","YES"
"http://edss.iec.org.af/ats/resultssheets 2018/13/1308139/6479_W130500_Sheet1.jpg","6479_W130500_Sheet1.jpg","YES"
"http://edss.iec.org.af/ats/resultssheets 2018/13/1308139/6480_R130062_Sheet1.jpg","6480_R130062_Sheet1.jpg","YES"
"http://edss.iec.org.af/ats/resultssheets 2018/13/1308139/19156_R130136_Sheet1.jpg","19156_R130136_Sheet1.jpg","YES"
"http://edss.iec.org.af/ats/resultssheets 2018/13/1308139/19158_W130498_Sheet1.jpg","19158_W130498_Sheet1.jpg","YES"
"http://edss.iec.org.af/ats/resultssheets 2018/13/1308139/19160_R130316_Sheet1.jpg","19160_R130316_Sheet1.jpg","YES"
"http://edss.iec.org.af/ats/resultssheets 2018/13/1308140/6549_W130501_Sheet1.jpg","6549_W130501_Sheet1.jpg","YES"
"http://edss.iec.org.af/ats/resultssheets 2018/13/1308140/6551_W130502_Sheet1.jpg","6551_W130502_Sheet1.jpg","YES"
"http://edss.iec.org.af/ats/resultssheets 2018/13/1308140/6552_W130503_Sheet1.jpg","6552_W130503_Sheet1.jpg","YES"
"http://edss.iec.org.af/ats/resultssheets 2018/13/1308141/6524_W130509_Sheet1.jpg","6524_W130509_Sheet1.jpg","YES"
"http://edss.iec.org.af/ats/resultssheets 2018/13/1309147/19221_R130529_Sheet1.jpg","19221_R130529_Sheet1.jpg","YES"
"http://edss.iec.org.af/ats/resultssheets 2018/13/1309147/19227_W130530_Sheet1.jpg","19227_W130530_Sheet1.jpg","YES"
"http://edss.iec.org.af/ats/resultssheets 2018/13/1309147/19231_R130318_Sheet1.jpg","19231_R130318_Sheet1.jpg","YES"
"http://edss.iec.org.af/ats/resultssheets 2018/13/1309147/19232_W130532_Sheet1.jpg","19232_W130532_Sheet1.jpg","YES"
"http://edss.iec.org.af/ats/resultssheets 2018/13/1309147/19236_W130533_Sheet1.jpg","19236_W130533_Sheet1.jpg","YES"
"http://edss.iec.org.af/ats/resultssheets 2018/13/1309147/19241_W130534_Sheet1.jpg","19241_W130534_Sheet1.jpg","YES"
"http://edss.iec.org.af/ats/resultssheets 2018/13/1309148/6427_W130540_Sheet1.jpg","6427_W130540_Sheet1.jpg","YES"
"http://edss.iec.org.af/ats/resultssheets 2018/13/1309148/19253_R130150_Sheet1.jpg","19253_R130150_Sheet1.jpg","YES"
"http://edss.iec.org.af/ats/resultssheets 2018/13/1309148/19256_W130541_Sheet1.jpg","19256_W130541_Sheet1.jpg","YES"
"http://edss.iec.org.af/ats/resultssheets 2018/13/1310152/5930_W130553_Sheet1.jpg","5930_W130553_Sheet1.jpg","YES"
"http://edss.iec.org.af/ats/resultssheets 2018/13/1310152/19103_W130557_Sheet1.jpg","19103_W130557_Sheet1.jpg","YES"
"http://edss.iec.org.af/ats/resultssheets 2018/13/1310152/19105_R130226_Sheet1.jpg","19105_R130226_Sheet1.jpg","YES"
"http://edss.iec.org.af/ats/resultssheets 2018/13/1310152/19106_W130558_Sheet1.jpg","19106_W130558_Sheet1.jpg","YES"
"http://edss.iec.org.af/ats/resultssheets 2018/13/1310152/19107_R130220_Sheet1.jpg","19107_R130220_Sheet1.jpg","YES"
"http://edss.iec.org.af/ats/resultssheets 2018/13/1310152/19110_W130554_Sheet1.jpg","19110_W130554_Sheet1.jpg","YES"
"http://edss.iec.org.af/ats/resultssheets 2018/13/1310153/6323_R130237_Sheet1.jpg","6323_R130237_Sheet1.jpg","YES"
"http://edss.iec.org.af/ats/resultssheets 2018/13/1310153/6324_W130559_Sheet1.jpg","6324_W130559_Sheet1.jpg","YES"
"http://edss.iec.org.af/ats/resultssheets 2018/13/1310153/19138_W130563_Sheet1.jpg","19138_W130563_Sheet1.jpg","YES"
"http://edss.iec.org.af/ats/resultssheets 2018/13/1310153/19347_R130035_Sheet1.jpg","19347_R130035_Sheet1.jpg","YES"
"http://edss.iec.org.af/ats/resultssheets 2018/13/1310153/19348_R130050_Sheet1.jpg","19348_R130050_Sheet1.jpg","YES"
"http://edss.iec.org.af/ats/resultssheets 2018/13/1310153/19349_R130041_Sheet1.jpg","19349_R130041_Sheet1.jpg","YES"
"http://edss.iec.org.af/ats/resultssheets 2018/13/1310154/6443_W130566_Sheet1.jpg","6443_W130566_Sheet1.jpg","YES"
"http://edss.iec.org.af/ats/resultssheets 2018/13/1310154/19118_W130567_Sheet1.jpg","19118_W130567_Sheet1.jpg","YES"
"http://edss.iec.org.af/ats/resultssheets 2018/13/1310154/19119_W130568_Sheet1.jpg","19119_W130568_Sheet1.jpg","YES"
"http://edss.iec.org.af/ats/resultssheets 2018/13/1310154/19122_W130569_Sheet1.jpg","19122_W130569_Sheet1.jpg","YES"
"http://edss.iec.org.af/ats/resultssheets 2018/13/1310155/6515_W130571_Sheet1.jpg","6515_W130571_Sheet1.jpg","YES"
"http://edss.iec.org.af/ats/resultssheets 2018/13/1310155/6518_W130572_Sheet1.jpg","6518_W130572_Sheet1.jpg","YES"
"http://edss.iec.org.af/ats/resultssheets 2018/13/1310155/6521_W130575_Sheet1.jpg","6521_W130575_Sheet1.jpg","YES"
"http://edss.iec.org.af/ats/resultssheets 2018/13/1310155/6522_W130576_Sheet1.jpg","6522_W130576_Sheet1.jpg","YES"
"http://edss.iec.org.af/ats/resultssheets 2018/13/1310155/19369_R130042_Sheet1.jpg","19369_R130042_Sheet1.jpg","YES"
"http://edss.iec.org.af/ats/resultssheets 2018/13/1310155/19370_R130032_Sheet1.jpg","19370_R130032_Sheet1.jpg","YES"
"http://edss.iec.org.af/ats/resultssheets 2018/13/1310156/6330_W130581_Sheet1.jpg","6330_W130581_Sheet1.jpg","YES"
"http://edss.iec.org.af/ats/resultssheets 2018/13/1310156/19136_R130178_Sheet1.jpg","19136_R130178_Sheet1.jpg","YES"
"http://edss.iec.org.af/ats/resultssheets 2018/13/1310156/19137_W130579_Sheet1.jpg","19137_W130579_Sheet1.jpg","YES"
"http://edss.iec.org.af/ats/resultssheets 2018/13/1310156/19140_W130580_Sheet1.jpg","19140_W130580_Sheet1.jpg","YES"
"http://edss.iec.org.af/ats/resultssheets 2018/13/1310156/19143_R130311_Sheet1.jpg","19143_R130311_Sheet1.jpg","YES"
"http://edss.iec.org.af/ats/resultssheets 2018/13/1310156/19144_R130310_Sheet1.jpg","19144_R130310_Sheet1.jpg","YES"
"http://edss.iec.org.af/ats/resultssheets 2018/13/1310157/19162_R130233_Sheet1.jpg","19162_R130233_Sheet1.jpg","YES"
"http://edss.iec.org.af/ats/resultssheets 2018/13/1310157/19165_W130586_Sheet1.jpg","19165_W130586_Sheet1.jpg","YES"
"http://edss.iec.org.af/ats/resultssheets 2018/13/1310158/5984_W130587_Sheet1.jpg","5984_W130587_Sheet1.jpg","YES"
"http://edss.iec.org.af/ats/resultssheets 2018/13/1310158/19372_R130016_Sheet1.jpg","19372_R130016_Sheet1.jpg","YES"
"http://edss.iec.org.af/ats/resultssheets 2018/13/1310159/6367_W130594_Sheet1.jpg","6367_W130594_Sheet1.jpg","YES"
"http://edss.iec.org.af/ats/resultssheets 2018/13/1310159/6682_W130590_Sheet1.jpg","6682_W130590_Sheet1.jpg","YES"
"http://edss.iec.org.af/ats/resultssheets 2018/13/1310159/6683_W130591_Sheet1.jpg","6683_W130591_Sheet1.jpg","YES"
"http://edss.iec.org.af/ats/resultssheets 2018/13/1310159/6684_W130592_Sheet1.jpg","6684_W130592_Sheet1.jpg","YES"
"http://edss.iec.org.af/ats/resultssheets 2018/13/1310159/6685_W130593_Sheet1.jpg","6685_W130593_Sheet1.jpg","YES"
"http://edss.iec.org.af/ats/resultssheets 2018/13/1310160/6455_W130600_Sheet1.jpg","6455_W130600_Sheet1.jpg","YES"
"http://edss.iec.org.af/ats/resultssheets 2018/13/1310160/6456_R130227_Sheet1.jpg","6456_R130227_Sheet1.jpg","YES"
"http://edss.iec.org.af/ats/resultssheets 2018/13/1310160/6457_R130232_Sheet1.jpg","6457_R130232_Sheet1.jpg","YES"
"http://edss.iec.org.af/ats/resultssheets 2018/13/1310160/19121_R130144_Sheet1.jpg","19121_R130144_Sheet1.jpg","YES"
"http://edss.iec.org.af/ats/resultssheets 2018/13/1310160/19123_W130596_Sheet1.jpg","19123_W130596_Sheet1.jpg","YES"
"http://edss.iec.org.af/ats/resultssheets 2018/13/1310160/19124_W130597_Sheet1.jpg","19124_W130597_Sheet1.jpg","YES"
"http://edss.iec.org.af/ats/resultssheets 2018/13/1310161/6368_W130602_Sheet1.jpg","6368_W130602_Sheet1.jpg","YES"
"http://edss.iec.org.af/ats/resultssheets 2018/13/1310161/6369_W130582_Sheet1.jpg","6369_W130582_Sheet1.jpg","YES"
"http://edss.iec.org.af/ats/resultssheets 2018/13/1310161/6370_W130603_Sheet1.jpg","6370_W130603_Sheet1.jpg","YES"
"http://edss.iec.org.af/ats/resultssheets 2018/13/1310162/6458_W130606_Sheet1.jpg","6458_W130606_Sheet1.jpg","YES"
"http://edss.iec.org.af/ats/resultssheets 2018/13/1310162/19169_R130306_Sheet1.jpg","19169_R130306_Sheet1.jpg","YES"
"http://edss.iec.org.af/ats/resultssheets 2018/13/1310162/20013_R130148_Sheet1.jpg","20013_R130148_Sheet1.jpg","YES"
"http://edss.iec.org.af/ats/resultssheets 2018/13/1310163/19206_R130308_Sheet1.jpg","19206_R130308_Sheet1.jpg","YES"
"http://edss.iec.org.af/ats/resultssheets 2018/13/1310163/19207_W130613_Sheet1.jpg","19207_W130613_Sheet1.jpg","YES"
"http://edss.iec.org.af/ats/resultssheets 2018/13/1310163/19208_W130614_Sheet1.jpg","19208_W130614_Sheet1.jpg","YES"
"http://edss.iec.org.af/ats/resultssheets 2018/13/1310164/19112_R130166_Sheet1.jpg","19112_R130166_Sheet1.jpg","YES"
"http://edss.iec.org.af/ats/resultssheets 2018/13/1310164/19114_R130146_Sheet1.jpg","19114_R130146_Sheet1.jpg","YES"
"http://edss.iec.org.af/ats/resultssheets 2018/13/1310164/19115_R130172_Sheet1.jpg","19115_R130172_Sheet1.jpg","YES"
"http://edss.iec.org.af/ats/resultssheets 2018/13/1310164/19116_R130223_Sheet1.jpg","19116_R130223_Sheet1.jpg","YES"
"http://edss.iec.org.af/ats/resultssheets 2018/13/1310165/6419_W130620_Sheet1.jpg","6419_W130620_Sheet1.jpg","YES"
"http://edss.iec.org.af/ats/resultssheets 2018/13/1310165/6421_W130621_Sheet1.jpg","6421_W130621_Sheet1.jpg","YES"
"http://edss.iec.org.af/ats/resultssheets 2018/13/1310165/6424_W130622_Sheet1.jpg","6424_W130622_Sheet1.jpg","YES"
"http://edss.iec.org.af/ats/resultssheets 2018/13/1310165/6425_W130624_Sheet1.jpg","6425_W130624_Sheet1.jpg","YES"
"http://edss.iec.org.af/ats/resultssheets 2018/13/1310165/6426_W130623_Sheet1.jpg","6426_W130623_Sheet1.jpg","YES"
"http://edss.iec.org.af/ats/resultssheets 2018/13/1310165/6431_W130619_Sheet1.jpg","6431_W130619_Sheet1.jpg","YES"
"http://edss.iec.org.af/ats/resultssheets 2018/13/1311166/6383_R130170_Sheet1.jpg","6383_R130170_Sheet1.jpg","YES"
"http://edss.iec.org.af/ats/resultssheets 2018/13/1311166/6385_W130628_Sheet1.jpg","6385_W130628_Sheet1.jpg","YES"
"http://edss.iec.org.af/ats/resultssheets 2018/13/1311166/19075_R130328_Sheet1.jpg","19075_R130328_Sheet1.jpg","YES"
"http://edss.iec.org.af/ats/resultssheets 2018/13/1311166/19079_R130205_Sheet1.jpg","19079_R130205_Sheet1.jpg","YES"
"http://edss.iec.org.af/ats/resultssheets 2018/13/1311167/6414_W130633_Sheet1.jpg","6414_W130633_Sheet1.jpg","YES"
"http://edss.iec.org.af/ats/resultssheets 2018/13/1311167/6694_W130631_Sheet1.jpg","6694_W130631_Sheet1.jpg","YES"
"http://edss.iec.org.af/ats/resultssheets 2018/13/1311167/6695_W130632_Sheet1.jpg","6695_W130632_Sheet1.jpg","YES"
"http://edss.iec.org.af/ats/resultssheets 2018/13/1311167/20061_W130634_Sheet1.jpg","20061_W130634_Sheet1.jpg","YES"
"http://edss.iec.org.af/ats/resultssheets 2018/13/1311169/6468_W130641_Sheet1.jpg","6468_W130641_Sheet1.jpg","YES"
"http://edss.iec.org.af/ats/resultssheets 2018/13/1311169/6469_W130642_Sheet1.jpg","6469_W130642_Sheet1.jpg","YES"
"http://edss.iec.org.af/ats/resultssheets 2018/13/1311169/6471_W130643_Sheet1.jpg","6471_W130643_Sheet1.jpg","YES"
"http://edss.iec.org.af/ats/resultssheets 2018/13/1311169/19354_R130002_Sheet1.jpg","19354_R130002_Sheet1.jpg","YES"
"http://edss.iec.org.af/ats/resultssheets 2018/13/1311170/6434_W130648_Sheet1.jpg","6434_W130648_Sheet1.jpg","YES"
"http://edss.iec.org.af/ats/resultssheets 2018/13/1311170/19214_R130013_Sheet1.jpg","19214_R130013_Sheet1.jpg","YES"
"http://edss.iec.org.af/ats/resultssheets 2018/13/1311170/19215_W130646_Sheet1.jpg","19215_W130646_Sheet1.jpg","YES"
"http://edss.iec.org.af/ats/resultssheets 2018/13/1311170/19216_W130649_Sheet1.jpg","19216_W130649_Sheet1.jpg","YES"
"http://edss.iec.org.af/ats/resultssheets 2018/13/1311171/6432_W130650_Sheet1.jpg","6432_W130650_Sheet1.jpg","YES"
"http://edss.iec.org.af/ats/resultssheets 2018/13/1311171/19374_R130037_Sheet1.jpg","19374_R130037_Sheet1.jpg","YES"
"http://edss.iec.org.af/ats/resultssheets 2018/13/1311171/19375_R130027_Sheet1.jpg","19375_R130027_Sheet1.jpg","YES"
"http://edss.iec.org.af/ats/resultssheets 2018/13/1311171/19376_R130052_Sheet1.jpg","19376_R130052_Sheet1.jpg","YES"
"http://edss.iec.org.af/ats/resultssheets 2018/13/1311172/6509_W130654_Sheet1.jpg","6509_W130654_Sheet1.jpg","YES"
"http://edss.iec.org.af/ats/resultssheets 2018/13/1311172/6510_W130655_Sheet1.jpg","6510_W130655_Sheet1.jpg","YES"
"http://edss.iec.org.af/ats/resultssheets 2018/13/1311172/6512_W130656_Sheet1.jpg","6512_W130656_Sheet1.jpg","YES"
"http://edss.iec.org.af/ats/resultssheets 2018/13/1311173/6544_W130658_Sheet1.jpg","6544_W130658_Sheet1.jpg","YES"
"http://edss.iec.org.af/ats/resultssheets 2018/13/1311173/6547_W130657_Sheet1.jpg","6547_W130657_Sheet1.jpg","YES"
"http://edss.iec.org.af/ats/resultssheets 2018/13/1311173/6548_W130659_Sheet1.jpg","6548_W130659_Sheet1.jpg","YES"
"http://edss.iec.org.af/ats/resultssheets 2018/13/1311174/6496_W130660_Sheet1.jpg","6496_W130660_Sheet1.jpg","YES"
"http://edss.iec.org.af/ats/resultssheets 2018/13/1311174/6497_W130661_Sheet1.jpg","6497_W130661_Sheet1.jpg","YES"
"http://edss.iec.org.af/ats/resultssheets 2018/13/1311174/6498_W130662_Sheet1.jpg","6498_W130662_Sheet1.jpg","YES"
"http://edss.iec.org.af/ats/resultssheets 2018/13/1311175/6467_W130663_Sheet1.jpg","6467_W130663_Sheet1.jpg","YES"
"http://edss.iec.org.af/ats/resultssheets 2018/13/1311175/6470_W130664_Sheet1.jpg","6470_W130664_Sheet1.jpg","YES"
"http://edss.iec.org.af/ats/resultssheets 2018/13/1311175/6481_W130665_Sheet1.jpg","6481_W130665_Sheet1.jpg","YES"
"http://edss.iec.org.af/ats/resultssheets 2018/13/1311175/6482_W130666_Sheet1.jpg","6482_W130666_Sheet1.jpg","YES"
"http://edss.iec.org.af/ats/resultssheets 2018/13/1311176/6649_W130667_Sheet1.jpg","6649_W130667_Sheet1.jpg","YES"
"http://edss.iec.org.af/ats/resultssheets 2018/13/1311176/6651_W130669_Sheet1.jpg","6651_W130669_Sheet1.jpg","YES"
"http://edss.iec.org.af/ats/resultssheets 2018/13/1311176/6652_W130670_Sheet1.jpg","6652_W130670_Sheet1.jpg","YES"
"http://edss.iec.org.af/ats/resultssheets 2018/13/1311176/6655_W130668_Sheet1.jpg","6655_W130668_Sheet1.jpg","YES"
"http://edss.iec.org.af/ats/resultssheets 2018/13/1311177/6533_W130671_Sheet1.jpg","6533_W130671_Sheet1.jpg","YES"
"http://edss.iec.org.af/ats/resultssheets 2018/13/1311177/6660_W130672_Sheet1.jpg","6660_W130672_Sheet1.jpg","YES"
"http://edss.iec.org.af/ats/resultssheets 2018/13/1311177/6661_W130673_Sheet1.jpg","6661_W130673_Sheet1.jpg","YES"
"http://edss.iec.org.af/ats/resultssheets 2018/13/1311178/6349_R130151_Sheet1.jpg","6349_R130151_Sheet1.jpg","YES"
"http://edss.iec.org.af/ats/resultssheets 2018/13/1311178/19089_W130675_Sheet1.jpg","19089_W130675_Sheet1.jpg","YES"
"http://edss.iec.org.af/ats/resultssheets 2018/13/1311178/19091_W130676_Sheet1.jpg","19091_W130676_Sheet1.jpg","YES"
"http://edss.iec.org.af/ats/resultssheets 2018/13/1311178/19094_W130677_Sheet1.jpg","19094_W130677_Sheet1.jpg","YES"
"http://edss.iec.org.af/ats/resultssheets 2018/13/1312179/6438_R130152_Sheet1.jpg","6438_R130152_Sheet1.jpg","YES"
"http://edss.iec.org.af/ats/resultssheets 2018/13/1312179/6441_W130680_Sheet1.jpg","6441_W130680_Sheet1.jpg","YES"
"http://edss.iec.org.af/ats/resultssheets 2018/13/1312181/6527_R130292_Sheet1.jpg","6527_R130292_Sheet1.jpg","YES"
"http://edss.iec.org.af/ats/resultssheets 2018/13/1312182/19183_W130694_Sheet1.jpg","19183_W130694_Sheet1.jpg","YES"
"http://edss.iec.org.af/ats/resultssheets 2018/13/1312182/20056_W130814_Sheet1.jpg","20056_W130814_Sheet1.jpg","YES"
"http://edss.iec.org.af/ats/resultssheets 2018/13/1312182/20057_W130693_Sheet1.jpg","20057_W130693_Sheet1.jpg","YES"
"http://edss.iec.org.af/ats/resultssheets 2018/13/1312184/6461_W130702_Sheet1.jpg","6461_W130702_Sheet1.jpg","YES"
"http://edss.iec.org.af/ats/resultssheets 2018/13/1312184/6462_W130703_Sheet1.jpg","6462_W130703_Sheet1.jpg","YES"
"http://edss.iec.org.af/ats/resultssheets 2018/13/1312185/6433_R130167_Sheet1.jpg","6433_R130167_Sheet1.jpg","YES"
"http://edss.iec.org.af/ats/resultssheets 2018/13/1312186/19154_R130322_Sheet1.jpg","19154_R130322_Sheet1.jpg","YES"
"http://edss.iec.org.af/ats/resultssheets 2018/13/1312186/19155_R130321_Sheet1.jpg","19155_R130321_Sheet1.jpg","YES"
"http://edss.iec.org.af/ats/resultssheets 2018/13/1312187/6451_W130709_Sheet1.jpg","6451_W130709_Sheet1.jpg","YES"
"http://edss.iec.org.af/ats/resultssheets 2018/13/1312187/6453_R130162_Sheet1.jpg","6453_R130162_Sheet1.jpg","YES"
"http://edss.iec.org.af/ats/resultssheets 2018/13/1312187/19132_R130291_Sheet1.jpg","19132_R130291_Sheet1.jpg","YES"
"http://edss.iec.org.af/ats/resultssheets 2018/13/1312187/19133_R130153_Sheet1.jpg","19133_R130153_Sheet1.jpg","YES"
"http://edss.iec.org.af/ats/resultssheets 2018/13/1313188/6403_W130718_Sheet1.jpg","6403_W130718_Sheet1.jpg","YES"
"http://edss.iec.org.af/ats/resultssheets 2018/13/1313188/6404_W130717_Sheet1.jpg","6404_W130717_Sheet1.jpg","YES"
"http://edss.iec.org.af/ats/resultssheets 2018/13/1313188/6706_W130720_Sheet1.jpg","6706_W130720_Sheet1.jpg","YES"
"http://edss.iec.org.af/ats/resultssheets 2018/13/1313188/19367_R130019_Sheet1.jpg","19367_R130019_Sheet1.jpg","YES"
"http://edss.iec.org.af/ats/resultssheets 2018/13/1313188/19368_R130020_Sheet1.jpg","19368_R130020_Sheet1.jpg","YES"
"http://edss.iec.org.af/ats/resultssheets 2018/13/1313189/6676_W130723_Sheet1.jpg","6676_W130723_Sheet1.jpg","YES"
"http://edss.iec.org.af/ats/resultssheets 2018/13/1313189/6677_W130721_Sheet1.jpg","6677_W130721_Sheet1.jpg","YES"
"http://edss.iec.org.af/ats/resultssheets 2018/13/1313189/19342_R130047_Sheet1.jpg","19342_R130047_Sheet1.jpg","YES"
"http://edss.iec.org.af/ats/resultssheets 2018/13/1313190/19211_R130005_Sheet1.jpg","19211_R130005_Sheet1.jpg","YES"
"http://edss.iec.org.af/ats/resultssheets 2018/13/1313191/5932_R130022_Sheet1.jpg","5932_R130022_Sheet1.jpg","YES"
"http://edss.iec.org.af/ats/resultssheets 2018/13/1313191/5934_R130023_Sheet1.jpg","5934_R130023_Sheet1.jpg","YES"
"http://edss.iec.org.af/ats/resultssheets 2018/13/1313191/19358_R130164_Sheet1.jpg","19358_R130164_Sheet1.jpg","YES"
"http://edss.iec.org.af/ats/resultssheets 2018/13/1313191/19359_R130206_Sheet1.jpg","19359_R130206_Sheet1.jpg","YES"
"http://edss.iec.org.af/ats/resultssheets 2018/13/1313192/19340_R130046_Sheet1.jpg","19340_R130046_Sheet1.jpg","YES"
"http://edss.iec.org.af/ats/resultssheets 2018/13/1313192/19341_R130021_Sheet1.jpg","19341_R130021_Sheet1.jpg","YES"
"http://edss.iec.org.af/ats/resultssheets 2018/13/1313193/6378_R130004_Sheet1.jpg","6378_R130004_Sheet1.jpg","YES"
"http://edss.iec.org.af/ats/resultssheets 2018/13/1313193/19076_R130015_Sheet1.jpg","19076_R130015_Sheet1.jpg","YES"
"http://edss.iec.org.af/ats/resultssheets 2018/13/1313193/19080_W130736_Sheet1.jpg","19080_W130736_Sheet1.jpg","YES"
"http://edss.iec.org.af/ats/resultssheets 2018/13/1313194/6446_R130177_Sheet1.jpg","6446_R130177_Sheet1.jpg","YES"
"http://edss.iec.org.af/ats/resultssheets 2018/13/1313194/19263_R130025_Sheet1.jpg","19263_R130025_Sheet1.jpg","YES"
"http://edss.iec.org.af/ats/resultssheets 2018/13/1313194/19264_R130161_Sheet1.jpg","19264_R130161_Sheet1.jpg","YES"
"http://edss.iec.org.af/ats/resultssheets 2018/13/1313194/20069_R130330_Sheet1.jpg","20069_R130330_Sheet1.jpg","YES"
"http://edss.iec.org.af/ats/resultssheets 2018/13/1313195/6473_W130744_Sheet1.jpg","6473_W130744_Sheet1.jpg","YES"
"http://edss.iec.org.af/ats/resultssheets 2018/13/1313195/6474_W130745_Sheet1.jpg","6474_W130745_Sheet1.jpg","YES"
"http://edss.iec.org.af/ats/resultssheets 2018/13/1313195/19365_R130010_Sheet1.jpg","19365_R130010_Sheet1.jpg","YES"
"http://edss.iec.org.af/ats/resultssheets 2018/13/1313195/19366_R130049_Sheet1.jpg","19366_R130049_Sheet1.jpg","YES"
"http://edss.iec.org.af/ats/resultssheets 2018/13/1313196/6375_W130749_Sheet1.jpg","6375_W130749_Sheet1.jpg","YES"
"http://edss.iec.org.af/ats/resultssheets 2018/13/1313196/19344_R130017_Sheet1.jpg","19344_R130017_Sheet1.jpg","YES"
"http://edss.iec.org.af/ats/resultssheets 2018/13/1313196/19345_R130031_Sheet1.jpg","19345_R130031_Sheet1.jpg","YES"
"http://edss.iec.org.af/ats/resultssheets 2018/13/1313196/19346_R130029_Sheet1.jpg","19346_R130029_Sheet1.jpg","YES"
"http://edss.iec.org.af/ats/resultssheets 2018/13/1313197/6697_W130751_Sheet1.jpg","6697_W130751_Sheet1.jpg","YES"
"http://edss.iec.org.af/ats/resultssheets 2018/13/1313197/6700_W130753_Sheet1.jpg","6700_W130753_Sheet1.jpg","YES"
"http://edss.iec.org.af/ats/resultssheets 2018/13/1313197/19361_R130286_Sheet1.jpg","19361_R130286_Sheet1.jpg","YES"
"http://edss.iec.org.af/ats/resultssheets 2018/13/1313197/19362_R130007_Sheet1.jpg","19362_R130007_Sheet1.jpg","YES"
"http://edss.iec.org.af/ats/resultssheets 2018/13/1313197/19363_R130290_Sheet1.jpg","19363_R130290_Sheet1.jpg","YES"
"http://edss.iec.org.af/ats/resultssheets 2018/13/1314084/19145_W130756_Sheet1.jpg","19145_W130756_Sheet1.jpg","YES"
"http://edss.iec.org.af/ats/resultssheets 2018/13/1314084/19147_R130320_Sheet1.jpg","19147_R130320_Sheet1.jpg","YES"
"http://edss.iec.org.af/ats/resultssheets 2018/13/1314085/19222_R130012_Sheet1.jpg","19222_R130012_Sheet1.jpg","YES"
"http://edss.iec.org.af/ats/resultssheets 2018/13/1314085/19224_R130248_Sheet1.jpg","19224_R130248_Sheet1.jpg","YES"
"http://edss.iec.org.af/ats/resultssheets 2018/13/1314086/6640_W130761_Sheet1.jpg","6640_W130761_Sheet1.jpg","YES"
"http://edss.iec.org.af/ats/resultssheets 2018/13/1314087/6492_W130764_Sheet1.jpg","6492_W130764_Sheet1.jpg","YES"
"http://edss.iec.org.af/ats/resultssheets 2018/13/1314087/20059_W130763_Sheet1.jpg","20059_W130763_Sheet1.jpg","YES"
"http://edss.iec.org.af/ats/resultssheets 2018/13/1314088/6502_R130014_Sheet1.jpg","6502_R130014_Sheet1.jpg","YES"
"http://edss.iec.org.af/ats/resultssheets 2018/13/1314088/6504_R130315_Sheet1.jpg","6504_R130315_Sheet1.jpg","YES"
"http://edss.iec.org.af/ats/resultssheets 2018/13/1314089/6550_W130771_Sheet1.jpg","6550_W130771_Sheet1.jpg","YES"
"http://edss.iec.org.af/ats/resultssheets 2018/13/1315046/19378_R130130_Sheet1.jpg","19378_R130130_Sheet1.jpg","YES"
"http://edss.iec.org.af/ats/resultssheets 2018/13/1315047/19185_W130801_Sheet1.jpg","19185_W130801_Sheet1.jpg","YES"
"http://edss.iec.org.af/ats/resultssheets 2018/14/1401004/802__Sheet1.jpg","802__Sheet1.jpg","YES"
"http://edss.iec.org.af/ats/resultssheets 2018/14/1401004/803__Sheet1.jpg","803__Sheet1.jpg","YES"
"http://edss.iec.org.af/ats/resultssheets 2018/14/1402067/788__Sheet1.jpg","788__Sheet1.jpg","YES"
"http://edss.iec.org.af/ats/resultssheets 2018/16/1604034/10125__Sheet1.jpg","10125__Sheet1.jpg","YES"
"http://edss.iec.org.af/ats/resultssheets 2018/16/1604034/4579__Sheet1.jpg","4579__Sheet1.jpg","YES"
"http://edss.iec.org.af/ats/resultssheets 2018/16/1604034/4578__Sheet1.jpg","4578__Sheet1.jpg","YES"
"http://edss.iec.org.af/ats/resultssheets 2018/16/1604034/4580__Sheet1.jpg","4580__Sheet1.jpg","YES"
"http://edss.iec.org.af/ats/resultssheets 2018/16/1608074/8917__Sheet1.jpg","8917__Sheet1.jpg","YES"
"http://edss.iec.org.af/ats/resultssheets 2018/16/1608074/4513__Sheet1.jpg","4513__Sheet1.jpg","YES"
"http://edss.iec.org.af/ats/resultssheets 2018/16/1608074/8916__Sheet1.jpg","8916__Sheet1.jpg","YES"
"http://edss.iec.org.af/ats/resultssheets 2018/16/1608074/4512__Sheet1.jpg","4512__Sheet1.jpg","YES"
"http://edss.iec.org.af/ats/resultssheets 2018/16/1608074/8915__Sheet1.jpg","8915__Sheet1.jpg","YES"
"http://edss.iec.org.af/ats/resultssheets 2018/16/1608074/8914__Sheet1.jpg","8914__Sheet1.jpg","YES"
"http://edss.iec.org.af/ats/resultssheets 2018/18/1803049/6675_W180182_Sheet1.jpg","6675_W180182_Sheet1.jpg","YES"
"http://edss.iec.org.af/ats/resultssheets 2018/19/1901004/3250_ R190149_Sheet1.jpg","3250_ R190149_Sheet1.jpg","YES"
"http://edss.iec.org.af/ats/resultssheets 2018/22/2205107/8292_ _Sheet1.jpg","8292_ _Sheet1.jpg","YES"
"http://edss.iec.org.af/ats/resultssheets 2018/23/2307189/10703_ R230002_Sheet1.jpg","10703_ R230002_Sheet1.jpg","YES"
"http://edss.iec.org.af/ats/resultssheets 2018/23/2307189/10692_ W230381_Sheet1.jpg","10692_ W230381_Sheet1.jpg","YES"
"http://edss.iec.org.af/ats/resultssheets 2018/24/2405140/9356__Sheet1.jpg","9356__Sheet1.jpg","YES"
"http://edss.iec.org.af/ats/resultssheets 2018/27/2702054/5213_ R270352_Sheet1.jpg","5213_ R270352_Sheet1.jpg","YES"
"http://edss.iec.org.af/ats/resultssheets 2018/27/2702054/5214_ R270410_Sheet1.jpg","5214_ R270410_Sheet1.jpg","YES"
"http://edss.iec.org.af/ats/resultssheets 2018/27/2701001/11484_ _Sheet1.jpg","11484_ _Sheet1.jpg","YES"
"http://edss.iec.org.af/ats/resultssheets 2018/27/2701001/11485_ _Sheet1.jpg","11485_ _Sheet1.jpg","YES"
"http://edss.iec.org.af/ats/resultssheets 2018/27/2701021/16811_ W270261_Sheet1.jpg","16811_ W270261_Sheet1.jpg","YES"
"http://edss.iec.org.af/ats/resultssheets 2018/27/2701028/5414_ R270310_Sheet1.jpg","5414_ R270310_Sheet1.jpg","YES"
"http://edss.iec.org.af/ats/resultssheets 2018/27/2701028/5417_ W270342_Sheet1.jpg","5417_ W270342_Sheet1.jpg","YES"
"http://edss.iec.org.af/ats/resultssheets 2018/28/2801013/7658__Sheet1.jpg","7658__Sheet1.jpg","YES"
"http://edss.iec.org.af/ats/resultssheets 2018/28/2801024/7656__Sheet1.jpg","7656__Sheet1.jpg","YES"
"http://edss.iec.org.af/ats/resultssheets 2018/28/2801024/7679__Sheet1.jpg","7679__Sheet1.jpg","YES"
"http://edss.iec.org.af/ats/resultssheets 2018/28/2801024/7682__Sheet1.jpg","7682__Sheet1.jpg","YES"
"http://edss.iec.org.af/ats/resultssheets 2018/28/2801024/7657__Sheet1.jpg","7657__Sheet1.jpg","YES"
"http://edss.iec.org.af/ats/resultssheets 2018/28/2801027/7723__Sheet1.jpg","7723__Sheet1.jpg","YES"
"http://edss.iec.org.af/ats/resultssheets 2018/28/2801027/7645__Sheet1.jpg","7645__Sheet1.jpg","YES"
"http://edss.iec.org.af/ats/resultssheets 2018/29/2908168/7910_ R290018_Sheet1.jpg","7910_ R290018_Sheet1.jpg","YES"
"http://edss.iec.org.af/ats/resultssheets 2018/29/2912212/7813_ R290176_Sheet1.jpg","7813_ R290176_Sheet1.jpg","YES"
"http://edss.iec.org.af/ats/resultssheets 2018/32/3210305/9079_ R320126_Sheet1.jpg","9079_ R320126_Sheet1.jpg","YES"
"http://edss.iec.org.af/ats/resultssheets 2018/32/3210305/9079_ R320126_Sheet2.jpg","9079_ R320126_Sheet2.jpg","YES"
"http://edss.iec.org.af/ats/resultssheets 2018/32/3210305/9080_ R320249_Sheet1.jpg","9080_ R320249_Sheet1.jpg","YES"
"http://edss.iec.org.af/ats/resultssheets 2018/32/3210305/9080_ R320249_Sheet2.jpg","9080_ R320249_Sheet2.jpg","YES"
"http://edss.iec.org.af/ats/resultssheets 2018/34/3401005/3712__Sheet1.jpg","3712__Sheet1.jpg","YES"
"http://edss.iec.org.af/ats/resultssheets 2018/34/3401005/3572__Sheet1.jpg","3572__Sheet1.jpg","YES"
"http://edss.iec.org.af/ats/resultssheets 2018/34/3401009/3593__Sheet1.jpg","3593__Sheet1.jpg","YES"
"http://edss.iec.org.af/ats/resultssheets 2018/34/3401009/3596__Sheet1.jpg","3596__Sheet1.jpg","YES"
"http://edss.iec.org.af/ats/resultssheets 2018/34/3401015/9298__Sheet1.jpg","9298__Sheet1.jpg","YES"
"http://edss.iec.org.af/ats/resultssheets 2018/34/3401015/3559__Sheet1.jpg","3559__Sheet1.jpg","YES"
"http://edss.iec.org.af/ats/resultssheets 2018/34/3401015/3560__Sheet1.jpg","3560__Sheet1.jpg","YES"
"http://edss.iec.org.af/ats/resultssheets 2018/34/3401015/9296__Sheet1.jpg","9296__Sheet1.jpg","YES"
"http://edss.iec.org.af/ats/resultssheets 2018/34/3401015/9286__Sheet1.jpg","9286__Sheet1.jpg","YES"
"http://edss.iec.org.af/ats/resultssheets 2018/34/3401015/3562__Sheet1.jpg","3562__Sheet1.jpg","YES"
"http://edss.iec.org.af/ats/resultssheets 2018/34/3406065/3557__Sheet1.jpg","3557__Sheet1.jpg","YES"
"http://edss.iec.org.af/ats/resultssheets 2018/34/3406065/9804__Sheet1.jpg","9804__Sheet1.jpg","YES"
"http://edss.iec.org.af/ats/resultssheets 2018/35/0201005/5893_ W020025_Sheet1.jpg","5893_ W020025_Sheet1.jpg","YES"
"http://edss.iec.org.af/ats/resultssheets 2018/35/0201005/5897_ W020024_Sheet1.jpg","5897_ W020024_Sheet1.jpg","YES"
"http://edss.iec.org.af/ats/resultssheets 2018/35/0702034/343_ w070430_Sheet1.jpg","343_ w070430_Sheet1.jpg","YES"
"http://edss.iec.org.af/ats/resultssheets 2018/35/2705104/12755_ R350032_Sheet1.jpg","12755_ R350032_Sheet1.jpg","YES"
